Perfume,Brand,Scent Profile,Votes,Price 1Ml,Price Travel Size,Price Small Retail,Price Big Retail,Gender,Rating Value,Base,Middle,Top,mainaccord1,mainaccord2,mainaccord3,mainaccord4,mainaccord5
1888,xerjoff,,1834,,,,,unisex,4.17,,,,warm spicy,woody,amber,floral,aromatic
1957 eau de parfum,chanel,,1431,,,,,unisex,4.24,,,,powdery,musky,iris,aldehydic,white floral
31 rue cambon eau de parfum,chanel,,755,,,,,women,4.3,,,,woody,iris,yellow floral,patchouli,amber
724,maison francis kurkdjian,,1752,,,,,unisex,3.73,,,,white floral,aldehydic,musky,citrus,fresh
9am dive,afnan,,842,,,,,unisex,4.29,,,,fruity,woody,green,warm spicy,aromatic
9pm,afnan,,6865,,,,,men,4.5,,,,vanilla,amber,warm spicy,cinnamon,sweet
a la rose,maison francis kurkdjian,,2706,,,,,women,4.05,,,,rose,citrus,floral,powdery,violet
absolu aventus,creed,,1068,,,,,men,4.19,,,,citrus,warm spicy,aromatic,woody,soft spicy
accento,xerjoff,,1087,,,,,unisex,4,,,,musky,powdery,sweet,earthy,fruity
accento overdose,xerjoff,,911,,,,,unisex,3.99,,,,white floral,green,fruity,fresh,woody
acqua di gio,giorgio armani,,18937,,,,,men,4.11,,,,citrus,aromatic,marine,fresh spicy,floral
acqua di gio absolu,giorgio armani,,3425,,,,,men,4.04,,,,aromatic,woody,citrus,fresh spicy,amber
acqua di gio absolu instinct,giorgio armani,,703,,,,,men,4,,,,woody,marine,citrus,aromatic,amber
acqua di gio eau de parfum,giorgio armani,,2388,,,,,men,4.06,,,,aromatic,marine,mineral,citrus,fresh spicy
acqua di gio essenza,giorgio armani,,2701,,,,,men,4.31,,,,fresh spicy,aromatic,citrus,fresh,aquatic
acqua di gio for women,giorgio armani,,4584,,,,,women,3.98,,,,floral,fresh,white floral,green,rose
acqua di gio parfum,giorgio armani,,2443,,,,,men,4.41,,,,aromatic,fresh spicy,marine,woody,citrus
acqua di gio profondo,giorgio armani,,7978,,,,,men,4.33,,,,marine,aromatic,citrus,fresh spicy,fresh
acqua di gio profumo,giorgio armani,,14072,,,,,men,4.41,,,,aromatic,marine,fresh spicy,amber,woody
acqua di gioia,giorgio armani,,14643,,,,,women,3.9,,,,aromatic,citrus,green,white floral,fresh spicy
acqua di gioia eau de toilette,giorgio armani,,845,,,,,women,3.89,,,,fresh,citrus,floral,fruity,woody
acqua di gioia eau fraiche,giorgio armani,,1199,,,,,women,3.98,,,,citrus,aquatic,fresh,sweet,white floral
acqua di gioia essenza,giorgio armani,,1045,,,,,women,3.83,,,,sweet,white floral,green,aromatic,woody
acqua di parma blu mediterraneo arancia di capri,acqua di parma,,2980,,,,,unisex,4.15,,,,citrus,,,,
acqua di parma blu mediterraneo bergamotto di calabria,acqua di parma,,2134,,,,,unisex,4.13,,,,citrus,woody,aromatic,fresh spicy,warm spicy
acqua di parma blu mediterraneo cipresso di toscana,acqua di parma,,795,,,,,unisex,3.96,,,,aromatic,woody,fresh spicy,green,herbal
acqua di parma blu mediterraneo fico di amalfi,acqua di parma,,6211,,,,,unisex,4.32,,,,citrus,woody,fruity,sweet,fresh spicy
acqua di parma blu mediterraneo ginepro di sardegna,acqua di parma,,896,,,,,unisex,4.2,,,,fresh spicy,aromatic,woody,,
acqua di parma blu mediterraneo mandorlo di sicilia,acqua di parma,,4099,,,,,unisex,4.12,,,,vanilla,almond,sweet,powdery,fruity
acqua di parma blue mediterraneo mirto di panarea,acqua di parma,,2576,,,,,unisex,4.1,,,,aromatic,fresh spicy,citrus,herbal,woody
acqua di parma colonia assoluta,acqua di parma,,1147,,,,,unisex,4.22,,,,citrus,woody,aromatic,earthy,fresh spicy
acqua di parma colonia pura,acqua di parma,,1205,,,,,unisex,4.01,,,,citrus,ozonic,aromatic,fresh spicy,white floral
acqua di parma gelsomino nobile,acqua di parma,,893,,,,,women,4.09,,,,white floral,tuberose,citrus,,
acqua di parma iris nobile,acqua di parma,,1874,,,,,women,4.01,,,,white floral,powdery,citrus,yellow floral,iris
acqua di parma magnolia nobile,acqua di parma,,2399,,,,,women,4.13,,,,citrus,floral,white floral,aromatic,woody
acqua fiorentina,creed,,1287,,,,,women,3.99,,,,citrus,fruity,woody,fresh,fresh spicy
addict to life,dior,,734,,,,,women,3.95,,,,white floral,rose,fruity,sweet,musky
air di gioia,giorgio armani,,1059,,,,,women,3.69,,,,woody,floral,fresh,citrus,salty
ajwad,lattafa perfumes,,799,,,,,unisex,3.84,,,,fruity,rose,powdery,musky,sweet
alexandria ii,xerjoff,,3982,,,,,unisex,4.24,,,,woody,amber,powdery,warm spicy,lavender
allure,chanel,,5792,,,,,women,4.07,,,,citrus,floral,white floral,fruity,vanilla
allure homme,chanel,,6196,,,,,men,4.31,,,,citrus,vanilla,warm spicy,woody,sweet
allure homme edition blanche eau de parfum,chanel,,3329,,,,,men,4.54,,,,citrus,woody,aromatic,vanilla,powdery
allure homme sport,chanel,,12382,,,,,men,4.26,,,,citrus,aromatic,vanilla,aldehydic,marine
allure homme sport cologne,chanel,,2489,,,,,men,4.34,,,,citrus,fresh spicy,aromatic,woody,fresh
allure homme sport eau extreme,chanel,,9910,,,,,men,4.34,,,,aromatic,woody,fresh spicy,citrus,green
allure sensuelle,chanel,,6758,,,,,women,4.03,,,,woody,warm spicy,patchouli,powdery,earthy
allure sensuelle eau de toilette,chanel,,1006,,,,,women,4.14,,,,woody,citrus,patchouli,earthy,amber
althair,parfums de marly,,3125,,,,,men,4.41,,,,sweet,vanilla,warm spicy,musky,cinnamon
ambre nuit,dior,,2626,,,,,unisex,4.38,,,,rose,citrus,soft spicy,floral,fresh spicy
ameer al oudh intense oud,lattafa perfumes,,2886,,,,,unisex,4.25,,,,woody,vanilla,sweet,oud,powdery
amyris femme,maison francis kurkdjian,,2550,,,,,women,3.93,,,,woody,aromatic,citrus,iris,powdery
amyris homme,maison francis kurkdjian,,1875,,,,,men,4.15,,,,aromatic,woody,citrus,sweet,vanilla
ana abiyedh,lattafa perfumes,,1371,,,,,unisex,3.89,,,,musky,powdery,vanilla,citrus,sweet
ana abiyedh rouge,lattafa perfumes,,1623,,,,,unisex,4.04,,,,citrus,amber,fresh spicy,aromatic,caramel
antaeus,chanel,,5246,,,,,men,4.25,,,,aromatic,woody,leather,amber,mossy
antidote,viktor rolf,,1217,,,,,men,4.25,,,,warm spicy,aromatic,woody,fresh spicy,amber
apollonia,xerjoff,,1107,,,,,unisex,4.2,,,,powdery,musky,iris,white floral,earthy
aqua celestia,maison francis kurkdjian,,1482,,,,,unisex,3.91,,,,green,citrus,aromatic,musky,powdery
aqua celestia forte,maison francis kurkdjian,,984,,,,,unisex,4.08,,,,citrus,green,aromatic,white floral,floral
aqua fahrenheit,dior,,2130,,,,,men,4.17,,,,citrus,aromatic,fresh spicy,green,violet
aqua media cologne forte,maison francis kurkdjian,,774,,,,,unisex,3.81,,,,citrus,green,fresh,soft spicy,powdery
aqua universalis forte,maison francis kurkdjian,,1693,,,,,unisex,4.01,,,,white floral,citrus,musky,aromatic,powdery
aqua vitae forte,maison francis kurkdjian,,1174,,,,,unisex,3.91,,,,citrus,warm spicy,woody,aromatic,yellow floral
armani,giorgio armani,,748,,,,,women,4.3,,,,green,aromatic,woody,balsamic,amber
armani attitude,giorgio armani,,1579,,,,,men,4.37,,,,warm spicy,woody,amber,patchouli,coffee
armani code,giorgio armani,,10335,,,,,men,4.17,,,,citrus,leather,anis,soft spicy,floral
armani code absolu,giorgio armani,,3940,,,,,men,4.39,,,,vanilla,powdery,sweet,amber,fresh spicy
armani code cashmere,giorgio armani,,1582,,,,,women,4.17,,,,almond,white floral,powdery,leather,nutty
armani code colonia,giorgio armani,,1211,,,,,men,3.95,,,,citrus,amber,vanilla,aromatic,sweet
armani code eau de parfum,giorgio armani,,1466,,,,,men,4.35,,,,vanilla,citrus,aromatic,musky,powdery
armani code for women,giorgio armani,,13821,,,,,women,3.98,,,,citrus,white floral,sweet,vanilla,honey
armani code luna,giorgio armani,,1121,,,,,women,3.87,,,,citrus,vanilla,sweet,white floral,floral
armani code parfum,giorgio armani,,3236,,,,,men,4.37,,,,iris,aromatic,powdery,woody,citrus
armani code profumo,giorgio armani,,4883,,,,,men,4.24,,,,amber,vanilla,warm spicy,aromatic,leather
armani code satin,giorgio armani,,1561,,,,,women,4.16,,,,sweet,warm spicy,white floral,vanilla,cacao
armani code sport,giorgio armani,,1481,,,,,men,4.06,,,,citrus,aromatic,green,warm spicy,fresh
armani code ultimate,giorgio armani,,1047,,,,,men,4.21,,,,vanilla,woody,powdery,sweet,floral
armani eau de cedre,giorgio armani,,1291,,,,,men,4.26,,,,woody,aromatic,green,ozonic,citrus
armani eau de nuit,giorgio armani,,1371,,,,,men,4.22,,,,powdery,vanilla,iris,amber,warm spicy
armani eau pour homme,giorgio armani,,1551,,,,,men,4.24,,,,citrus,aromatic,fresh spicy,woody,earthy
armani eau pour homme new,giorgio armani,,972,,,,,men,4.14,,,,citrus,fresh spicy,warm spicy,woody,aromatic
armani mania,giorgio armani,,1485,,,,,men,4.31,,,,woody,citrus,musky,warm spicy,aromatic
armani prive bleu lazuli,giorgio armani,,853,,,,,unisex,4.13,,,,sweet,fruity,aromatic,warm spicy,tobacco
armani prive bleu turquoise,giorgio armani,,1204,,,,,unisex,4.1,,,,woody,vanilla,salty,warm spicy,amber
armani prive rouge malachite,giorgio armani,,2245,,,,,unisex,4.2,,,,white floral,amber,tuberose,animalic,yellow floral
armani prive vert malachite,giorgio armani,,1419,,,,,unisex,4.14,,,,white floral,vanilla,yellow floral,citrus,sweet
asad,lattafa perfumes,,5345,,,,,men,4.28,,,,amber,vanilla,fresh spicy,woody,warm spicy
asad zanzibar,lattafa perfumes,,700,,,,,men,3.78,,,,vanilla,iris,powdery,lavender,fresh spicy
at the barber s,maison martin margiela,,1476,,,,,men,3.81,,,,fresh spicy,aromatic,lavender,musky,herbal
athalia,parfums de marly,,1237,,,,,women,3.79,,,,powdery,iris,musky,white floral,amber
autumn vibes,maison martin margiela,,2619,,,,,unisex,3.45,,,,woody,powdery,fresh spicy,warm spicy,mossy
aventus,creed,,19581,,,,,men,4.34,,,,fruity,sweet,leather,woody,smoky
aventus cologne,creed,,2102,,,,,men,4.24,,,,citrus,woody,musky,warm spicy,leather
aventus for her,creed,,2535,,,,,women,3.63,,,,fruity,citrus,woody,powdery,musky
baby doll,yves saint laurent,,3854,,,,,women,3.81,,,,fruity,rose,floral,sweet,woody
babycat,yves saint laurent,,1878,,,,,unisex,4.3,,,,vanilla,fresh spicy,warm spicy,leather,amber
baccarat rouge 540,maison francis kurkdjian,,20435,,,,,unisex,3.86,,,,woody,amber,warm spicy,fresh spicy,aromatic
baccarat rouge 540 extrait de parfum,maison francis kurkdjian,,7752,,,,,unisex,4.26,,,,woody,almond,amber,warm spicy,animalic
bade e al oud amethyst,lattafa perfumes,,1684,,,,,unisex,4.11,,,,rose,oud,amber,soft spicy,floral
bade e al oud honor glory,lattafa perfumes,,1487,,,,,unisex,4.31,,,,sweet,warm spicy,fruity,vanilla,woody
bade e al oud oud for glory,lattafa perfumes,,4222,,,,,unisex,4.19,,,,oud,warm spicy,fresh spicy,patchouli,metallic
bade e al oud sublime,lattafa perfumes,,744,,,,,unisex,4.33,,,,fruity,fresh,tropical,rose,mossy
beach walk,maison martin margiela,,5821,,,,,women,3.75,,,,yellow floral,sweet,coconut,powdery,musky
beau de jour eau de parfum,tom ford,,3046,,,,,men,4.29,,,,aromatic,fresh spicy,lavender,woody,patchouli
belle d opium,yves saint laurent,,5078,,,,,women,4,,,,white floral,fruity,amber,warm spicy,woody
bitter peach,tom ford,,4924,,,,,unisex,3.71,,,,woody,warm spicy,fruity,amber,vanilla
black opium,yves saint laurent,,25669,,,,,women,3.93,,,,vanilla,coffee,sweet,warm spicy,white floral
black opium eau de toilette,yves saint laurent,,1319,,,,,women,3.85,,,,fruity,coffee,white floral,citrus,sweet
black opium extreme,yves saint laurent,,1873,,,,,women,4.02,,,,warm spicy,coffee,cacao,vanilla,white floral
black opium floral shock,yves saint laurent,,1681,,,,,women,3.98,,,,white floral,fruity,coffee,sweet,citrus
black opium illicit green,yves saint laurent,,1508,,,,,women,3.89,,,,vanilla,sweet,coffee,fruity,white floral
black opium intense,yves saint laurent,,1874,,,,,women,3.95,,,,coffee,aromatic,vanilla,warm spicy,soft spicy
black opium le parfum,yves saint laurent,,2089,,,,,women,4.31,,,,vanilla,warm spicy,coffee,sweet,white floral
black opium neon,yves saint laurent,,1130,,,,,women,3.81,,,,white floral,citrus,coffee,vanilla,tropical
black opium nuit blanche,yves saint laurent,,2275,,,,,women,4.06,,,,lactonic,sweet,vanilla,caramel,coffee
black opium over red,yves saint laurent,,1626,,,,,women,4.04,,,,vanilla,cherry,sweet,white floral,coffee
black orchid,tom ford,,26053,,,,,women,3.91,,,,warm spicy,earthy,woody,sweet,amber
black orchid eau de toilette,tom ford,,1164,,,,,women,4.11,,,,woody,earthy,floral,sweet,fruity
black orchid parfum,tom ford,,2336,,,,,unisex,4.09,,,,earthy,sweet,woody,patchouli,yellow floral
black orchid voile de fleur,tom ford,,1720,,,,,women,4.14,,,,fruity,white floral,sweet,lactonic,woody
black violet,tom ford,,930,,,,,unisex,4.13,,,,woody,violet,citrus,mossy,powdery
bleu de chanel,chanel,,17669,,,,,men,4.17,,,,citrus,woody,warm spicy,aromatic,amber
bleu de chanel eau de parfum,chanel,,13646,,,,,men,4.42,,,,citrus,amber,woody,warm spicy,aromatic
bleu de chanel parfum,chanel,,6524,,,,,men,4.4,,,,woody,citrus,aromatic,amber,fresh spicy
blonde,versace,,1041,,,,,women,4.1,,,,white floral,tuberose,animalic,yellow floral,musky
blue jeans,versace,,7864,,,,,men,3.82,,,,aromatic,fresh spicy,woody,citrus,vanilla
body kouros,yves saint laurent,,3088,,,,,men,4.18,,,,amber,woody,warm spicy,camphor,aromatic
bois d argent,dior,,2234,,,,,unisex,4.24,,,,amber,woody,powdery,iris,sweet
bois des iles,chanel,,1883,,,,,women,4.35,,,,woody,powdery,amber,aldehydic,iris
bois du portugal,creed,,2084,,,,,men,4.2,,,,woody,aromatic,lavender,citrus,powdery
bonbon,viktor rolf,,5358,,,,,women,3.96,,,,caramel,sweet,citrus,white floral,fruity
bouquet ideale,xerjoff,,2926,,,,,women,4.16,,,,woody,vanilla,warm spicy,powdery,cinnamon
boy eau de parfum,chanel,,1301,,,,,unisex,4.11,,,,aromatic,powdery,fresh spicy,vanilla,lavender
bright crystal,versace,,20348,,,,,women,3.73,,,,floral,citrus,fresh,woody,fresh spicy
bright crystal absolu,versace,,4009,,,,,women,3.9,,,,floral,fruity,fresh,sweet,woody
bubble bath,maison martin margiela,,3337,,,,,unisex,3.67,,,,soapy,coconut,musky,sweet,lavender
by,dolce gabbana,,1439,,,,,women,4.19,,,,warm spicy,powdery,woody,lavender,musky
by the fireplace,maison martin margiela,,15275,,,,,unisex,4.24,,,,woody,vanilla,balsamic,warm spicy,amber
cafe rose,tom ford,,2559,,,,,unisex,4.06,,,,warm spicy,rose,woody,amber,patchouli
cafe rose 2023,tom ford,,1361,,,,,women,3.63,,,,warm spicy,rose,woody,patchouli,aromatic
caftan,yves saint laurent,,795,,,,,unisex,4.26,,,,amber,warm spicy,musky,balsamic,
carlisle,parfums de marly,,4091,,,,,unisex,4.39,,,,vanilla,patchouli,fresh spicy,warm spicy,woody
carmina,creed,,795,,,,,women,3.75,,,,rose,amber,musky,floral,cherry
cassili,parfums de marly,,2365,,,,,women,3.85,,,,floral,fruity,sweet,vanilla,fresh
champaca absolute,tom ford,,2082,,,,,unisex,4.01,,,,floral,sweet,woody,powdery,nutty
chance eau de parfum,chanel,,5409,,,,,women,4.05,,,,musky,patchouli,powdery,white floral,woody
chance eau de toilette,chanel,,11921,,,,,women,3.93,,,,patchouli,woody,sweet,earthy,citrus
chance eau fraiche,chanel,,13987,,,,,women,4.08,,,,woody,citrus,aromatic,floral,musky
chance eau fraiche eau de parfum,chanel,,752,,,,,women,4.11,,,,citrus,aldehydic,woody,fresh,white floral
chance eau tendre,chanel,,17053,,,,,women,4.12,,,,floral,fruity,citrus,sweet,fresh spicy
chance eau tendre eau de parfum,chanel,,3272,,,,,women,4.22,,,,rose,fruity,citrus,musky,floral
chance eau vive,chanel,,3802,,,,,women,3.8,,,,citrus,woody,fresh spicy,powdery,white floral
chanel n019,chanel,,5166,,,,,women,4.1,,,,green,earthy,woody,iris,powdery
chanel n022,chanel,,1379,,,,,women,4.26,,,,white floral,fresh,aldehydic,yellow floral,iris
chanel n05 eau premiere,chanel,,6131,,,,,women,4.22,,,,woody,aldehydic,fresh,white floral,yellow floral
chanel no 19 eau de parfum,chanel,,6042,,,,,women,4.17,,,,green,earthy,woody,iris,mossy
chanel no 19 parfum,chanel,,1581,,,,,women,4.34,,,,green,woody,earthy,aromatic,iris
chanel no 19 poudre,chanel,,5405,,,,,women,4.13,,,,iris,green,powdery,aromatic,earthy
chanel no 5 eau de cologne,chanel,,910,,,,,women,4.05,,,,powdery,woody,musky,white floral,earthy
chanel no 5 eau de parfum,chanel,,8794,,,,,women,3.65,,,,woody,aldehydic,fresh,white floral,powdery
chanel no 5 eau de toilette,chanel,,5528,,,,,women,4.01,,,,woody,powdery,aldehydic,fresh,iris
chanel no 5 eau premiere 2015,chanel,,4007,,,,,women,4.33,,,,aldehydic,woody,fresh,yellow floral,white floral
chanel no 5 l eau,chanel,,5868,,,,,women,4.13,,,,citrus,aldehydic,fresh,woody,powdery
chanel no 5 parfum,chanel,,13217,,,,,women,3.69,,,,powdery,woody,aldehydic,iris,fresh
cherry smoke,tom ford,,1420,,,,,unisex,4.09,,,,cherry,woody,smoky,leather,sweet
chinotto di liguria,acqua di parma,,752,,,,,unisex,3.9,,,,aromatic,citrus,fresh spicy,warm spicy,musky
cinema,yves saint laurent,,10251,,,,,women,4.1,,,,floral,vanilla,amber,sweet,citrus
classique,jean paul gaultier,,11424,,,,,women,3.92,,,,white floral,sweet,powdery,citrus,vanilla
classique eau de parfum,jean paul gaultier,,3145,,,,,women,4.2,,,,vanilla,floral,sweet,powdery,amber
classique essence de parfum,jean paul gaultier,,2036,,,,,women,4.32,,,,vanilla,white floral,sweet,citrus,warm spicy
classique intense,jean paul gaultier,,1348,,,,,women,4.11,,,,white floral,vanilla,woody,sweet,fruity
classique x,jean paul gaultier,,827,,,,,women,3.97,,,,citrus,white floral,floral,powdery,woody
club de nuit blue iconic,armaf,,1260,,,,,men,4.33,,,,citrus,woody,warm spicy,amber,aromatic
club de nuit intense,armaf,,2757,,,,,women,4.12,,,,rose,fresh spicy,warm spicy,patchouli,oud
club de nuit intense man,armaf,,16740,,,,,men,4.16,,,,citrus,fruity,leather,smoky,woody
club de nuit intense man limited edition parfum,armaf,,1476,,,,,men,4.53,,,,citrus,musky,amber,sweet,fresh spicy
club de nuit intense man parfum,armaf,,1984,,,,,men,4.37,,,,citrus,fruity,leather,smoky,woody
club de nuit milestone,armaf,,3026,,,,,unisex,4.01,,,,marine,aromatic,woody,powdery,musky
club de nuit sillage,armaf,,3349,,,,,unisex,3.95,,,,citrus,woody,musky,powdery,aromatic
club de nuit untold,armaf,,1345,,,,,unisex,4.19,,,,woody,amber,warm spicy,metallic,white floral
club de nuit urban elixir,armaf,,1078,,,,,men,4.41,,,,amber,aromatic,citrus,fresh spicy,musky
club de nuit white imperiale,armaf,,822,,,,,women,4.17,,,,rose,floral,powdery,musky,vanilla
club de nuit woman,armaf,,1663,,,,,women,4.12,,,,citrus,patchouli,woody,rose,fresh spicy
coco eau de parfum,chanel,,12365,,,,,women,4.26,,,,amber,warm spicy,sweet,powdery,woody
coco eau de toilette,chanel,,2412,,,,,women,4.36,,,,amber,warm spicy,sweet,powdery,woody
coco mademoiselle,chanel,,29283,,,,,women,4.12,,,,citrus,woody,patchouli,sweet,white floral
coco mademoiselle eau de toilette,chanel,,5748,,,,,women,4.2,,,,citrus,patchouli,woody,fresh spicy,earthy
coco mademoiselle intense,chanel,,4743,,,,,women,4.27,,,,citrus,vanilla,patchouli,sweet,woody
coco mademoiselle l eau privee,chanel,,1027,,,,,women,4.04,,,,citrus,rose,musky,white floral,powdery
coco mademoiselle parfum,chanel,,3331,,,,,women,4.26,,,,citrus,woody,patchouli,rose,fresh spicy
coco noir,chanel,,10815,,,,,women,4.12,,,,warm spicy,woody,citrus,fresh spicy,amber
coffee break,maison martin margiela,,4100,,,,,unisex,4.01,,,,lavender,vanilla,coffee,warm spicy,aromatic
colonia club,acqua di parma,,1253,,,,,unisex,4.02,,,,aromatic,citrus,green,fresh spicy,lavender
colonia intensa,acqua di parma,,1936,,,,,men,4.26,,,,citrus,warm spicy,aromatic,woody,fresh spicy
colonia intensa oud eau de cologne concentree,acqua di parma,,993,,,,,men,4.35,,,,oud,leather,citrus,aromatic,animalic
colonia leather eau de cologne concentree,acqua di parma,,1486,,,,,men,4.42,,,,leather,woody,animalic,citrus,smoky
colonia oud,acqua di parma,,949,,,,,men,4.22,,,,woody,citrus,oud,leather,aromatic
coromandel eau de parfum,chanel,,3002,,,,,unisex,4.38,,,,amber,woody,warm spicy,patchouli,balsamic
costa azzurra,tom ford,,1784,,,,,unisex,3.96,,,,aromatic,woody,citrus,fresh spicy,marine
costa azzurra parfum,tom ford,,759,,,,,unisex,4.22,,,,woody,aromatic,amber,citrus,fresh spicy
craze,armaf,,1445,,,,,men,3.95,,,,almond,vanilla,powdery,nutty,sweet
cristalle eau de parfum,chanel,,2019,,,,,women,4.13,,,,earthy,woody,mossy,aromatic,fruity
cristalle eau de toilette,chanel,,3951,,,,,women,4.11,,,,citrus,earthy,woody,mossy,aromatic
cristalle eau verte,chanel,,4997,,,,,women,4.19,,,,citrus,floral,white floral,aromatic,fresh spicy
cruise collection escale a portofino,dior,,2349,,,,,women,4.06,,,,citrus,aromatic,fresh spicy,woody,white floral
cruz del sur ii,xerjoff,,2027,,,,,unisex,4.03,,,,fruity,tropical,sweet,lactonic,woody
crystal noir,versace,,21063,,,,,women,3.92,,,,warm spicy,white floral,coconut,fresh spicy,lactonic
crystal noir eau de toilette,versace,,2636,,,,,women,4.13,,,,warm spicy,woody,powdery,white floral,fresh spicy
cuir amethyste,giorgio armani,,1245,,,,,unisex,4.14,,,,amber,woody,violet,leather,powdery
cuir cannage,dior,,710,,,,,unisex,4.14,,,,leather,smoky,iris,woody,white floral
cuir de russie eau de parfum,chanel,,739,,,,,women,4.11,,,,leather,smoky,white floral,woody,sweet
d g anthology l amoureux 6,dolce gabbana,,922,,,,,men,4.09,,,,woody,aromatic,fresh spicy,citrus,musky
d g anthology l imperatrice 3,dolce gabbana,,17132,,,,,women,3.81,,,,fruity,ozonic,aquatic,green,sweet
d g anthology la lune 18,dolce gabbana,,1791,,,,,women,3.78,,,,white floral,green,animalic,tuberose,powdery
d g anthology la roue de la fortune 10,dolce gabbana,,1567,,,,,women,3.89,,,,white floral,vanilla,patchouli,warm spicy,amber
d g anthology la temperance 14,dolce gabbana,,1142,,,,,women,3.87,,,,musky,iris,powdery,floral,warm spicy
d g feminine,dolce gabbana,,1126,,,,,women,3.99,,,,floral,powdery,white floral,musky,woody
dama bianca,xerjoff,,3512,,,,,women,4.13,,,,powdery,vanilla,violet,floral,musky
darley,parfums de marly,,711,,,,,men,4.13,,,,aromatic,woody,fresh spicy,lavender,warm spicy
delina,parfums de marly,,8964,,,,,women,4.01,,,,rose,floral,fruity,fresh,musky
delina exclusif,parfums de marly,,4916,,,,,women,4.12,,,,rose,fruity,vanilla,amber,tropical
delina la rosee,parfums de marly,,2401,,,,,women,4.16,,,,floral,fresh,rose,aquatic,fruity
devotion,dolce gabbana,,4591,,,,,women,4.03,,,,vanilla,sweet,white floral,powdery,lactonic
dior addict,dior,,14456,,,,,women,4.11,,,,vanilla,white floral,sweet,fruity,amber
dior addict 2,dior,,4082,,,,,women,3.98,,,,citrus,floral,woody,fresh spicy,fruity
dior addict eau de parfum,dior,,3081,,,,,women,4.28,,,,vanilla,white floral,citrus,sweet,powdery
dior addict eau de parfum 2014,dior,,4702,,,,,women,4.3,,,,white floral,vanilla,citrus,sweet,powdery
dior addict eau de toilette,dior,,2177,,,,,women,3.94,,,,white floral,citrus,vanilla,woody,powdery
dior addict eau delice,dior,,1626,,,,,women,3.92,,,,fruity,sweet,cherry,almond,nutty
dior addict eau fraiche 2004,dior,,749,,,,,women,4.2,,,,citrus,white floral,vanilla,sweet,woody
dior addict eau fraiche 2012,dior,,1303,,,,,women,3.92,,,,citrus,floral,fresh spicy,woody,musky
dior addict eau fraiche 2014,dior,,1889,,,,,women,4.04,,,,floral,citrus,musky,white floral,fresh spicy
dior addict eau sensuelle,dior,,1304,,,,,women,3.91,,,,rose,musky,white floral,floral,powdery
dior homme,dior,,6400,,,,,men,4.42,,,,iris,cacao,powdery,earthy,aromatic
dior homme 2005,dior,,3730,,,,,men,4.4,,,,iris,warm spicy,aromatic,cacao,earthy
dior homme 2020,dior,,6319,,,,,men,4.13,,,,woody,musky,aromatic,amber,citrus
dior homme cologne 2013,dior,,5735,,,,,men,4.44,,,,citrus,white floral,fresh spicy,musky,powdery
dior homme cologne 2022,dior,,2185,,,,,men,4.53,,,,citrus,musky,fresh spicy,white floral,powdery
dior homme eau for men,dior,,2766,,,,,men,4.32,,,,iris,citrus,powdery,woody,aromatic
dior homme intense 2011,dior,,18272,,,,,men,4.5,,,,iris,woody,powdery,earthy,violet
dior homme original,dior,,849,,,,,men,4.63,,,,iris,earthy,aromatic,warm spicy,powdery
dior homme parfum,dior,,7676,,,,,men,4.55,,,,iris,woody,leather,powdery,violet
dior homme sport,dior,,3190,,,,,men,4.22,,,,citrus,aromatic,warm spicy,woody,fresh spicy
dior homme sport 2012,dior,,2512,,,,,men,4.34,,,,citrus,iris,warm spicy,powdery,woody
dior homme sport 2017,dior,,2013,,,,,men,4.1,,,,citrus,fresh spicy,aromatic,woody,
dior homme sport 2021,dior,,3316,,,,,men,4.34,,,,citrus,aromatic,woody,fresh spicy,amber
diorella,dior,,1584,,,,,women,4.2,,,,citrus,green,aromatic,white floral,earthy
dioressence,dior,,1188,,,,,women,4.27,,,,warm spicy,woody,earthy,aromatic,mossy
diorissimo,dior,,4611,,,,,women,4.14,,,,white floral,green,fresh,floral,
dolce,dolce gabbana,,4801,,,,,women,3.54,,,,floral,musky,fresh,powdery,aquatic
dolce amalfi,xerjoff,,2870,,,,,unisex,4.13,,,,warm spicy,amber,sweet,fruity,vanilla
dolce floral drops,dolce gabbana,,1012,,,,,women,3.7,,,,floral,fruity,fresh,green,aquatic
dolce gabbana,dolce gabbana,,4699,,,,,women,3.99,,,,aromatic,floral,fresh,white floral,aldehydic
dolce gabbana pour femme,dolce gabbana,,6816,,,,,women,4.01,,,,sweet,powdery,vanilla,fruity,white floral
dolce gabbana pour femme intense,dolce gabbana,,3372,,,,,women,4.04,,,,white floral,sweet,citrus,powdery,woody
dolce gabbana pour homme 1994,dolce gabbana,,3369,,,,,men,4.24,,,,aromatic,citrus,fresh spicy,warm spicy,lavender
dolce gabbana pour homme 2012,dolce gabbana,,4081,,,,,men,4.16,,,,citrus,fresh spicy,aromatic,lavender,tobacco
dolce gabbana pour homme intenso,dolce gabbana,,3009,,,,,men,3.78,,,,aromatic,fresh spicy,herbal,lavender,green
dolce gabbana the only one 2,dolce gabbana,,1646,,,,,women,3.74,,,,fruity,sweet,amber,rose,warm spicy
dolce garden,dolce gabbana,,3692,,,,,women,3.93,,,,floral,coconut,vanilla,sweet,tropical
dolce peony,dolce gabbana,,1026,,,,,women,3.86,,,,floral,fresh,fruity,sweet,rose
dolce rosa excelsa,dolce gabbana,,1114,,,,,women,3.62,,,,floral,rose,musky,fresh,aquatic
dolce shine,dolce gabbana,,1036,,,,,women,3.69,,,,white floral,fruity,sweet,tropical,ozonic
dolce vita,dior,,10145,,,,,women,4.05,,,,warm spicy,woody,powdery,vanilla,fruity
dreamer the original edition,versace,,5140,,,,,men,4.08,,,,aromatic,lavender,tobacco,sweet,fresh spicy
dune,dior,,12133,,,,,women,3.98,,,,woody,amber,balsamic,warm spicy,powdery
dune pour homme,dior,,2204,,,,,men,4.2,,,,woody,green,aromatic,fruity,fresh
eau de soleil blanc,tom ford,,3420,,,,,unisex,4.09,,,,citrus,white floral,coconut,sweet,vanilla
eau mega,viktor rolf,,752,,,,,women,3.76,,,,aquatic,fresh,fruity,ozonic,green
eau noire,dior,,1046,,,,,unisex,4.11,,,,aromatic,soft spicy,lavender,coffee,herbal
eau sauvage,dior,,5385,,,,,men,4.23,,,,aromatic,citrus,fresh spicy,woody,earthy
eau sauvage cologne,dior,,1077,,,,,men,4.17,,,,citrus,aromatic,green,fresh spicy,woody
eau sauvage extreme,dior,,1161,,,,,men,4.18,,,,aromatic,fresh spicy,citrus,woody,lavender
eau sauvage parfum,dior,,2569,,,,,men,4.35,,,,aromatic,amber,citrus,woody,earthy
eau sauvage parfum 2017,dior,,1936,,,,,men,4.38,,,,aromatic,citrus,fresh spicy,woody,lavender
ebene fume,tom ford,,2014,,,,,unisex,4.09,,,,woody,amber,smoky,balsamic,warm spicy
egoiste,chanel,,6511,,,,,men,4.21,,,,woody,warm spicy,cinnamon,rose,tobacco
egoiste platinum,chanel,,10102,,,,,men,4.22,,,,aromatic,fresh spicy,woody,lavender,green
electric cherry,tom ford,,987,,,,,unisex,3.55,,,,musky,cherry,sweet,soft spicy,amber
elle,yves saint laurent,,5981,,,,,women,4.06,,,,woody,floral,patchouli,fresh,rose
emporio armani because it s you,giorgio armani,,3170,,,,,women,3.8,,,,fruity,sweet,vanilla,rose,citrus
emporio armani diamonds,giorgio armani,,3322,,,,,women,3.75,,,,fruity,woody,sweet,rose,vanilla
emporio armani diamonds for men,giorgio armani,,1830,,,,,men,4.06,,,,woody,cacao,citrus,fresh spicy,warm spicy
emporio armani in love with you,giorgio armani,,1172,,,,,women,3.73,,,,fruity,sweet,patchouli,woody,rose
emporio armani lei,giorgio armani,,4129,,,,,women,4.17,,,,powdery,vanilla,woody,sweet,citrus
emporio armani lui,giorgio armani,,1422,,,,,men,4.15,,,,woody,citrus,aromatic,powdery,fruity
emporio armani stronger with you,giorgio armani,,7001,,,,,men,4.28,,,,vanilla,balsamic,nutty,sweet,aromatic
emporio armani stronger with you absolutely,giorgio armani,,4379,,,,,men,4.51,,,,vanilla,woody,balsamic,rum,aromatic
emporio armani stronger with you freeze,giorgio armani,,954,,,,,men,4.1,,,,citrus,warm spicy,woody,aromatic,sweet
emporio armani stronger with you intensely,giorgio armani,,9587,,,,,men,4.57,,,,vanilla,sweet,amber,cinnamon,warm spicy
emporio armani white for her,giorgio armani,,750,,,,,women,4.36,,,,citrus,woody,green,aromatic,musky
erba gold,xerjoff,,861,,,,,unisex,4.31,,,,citrus,fruity,warm spicy,fresh,sweet
erba pura,xerjoff,,6397,,,,,unisex,3.82,,,,fruity,citrus,sweet,musky,powdery
erolfa,creed,,1810,,,,,men,4.11,,,,citrus,woody,fresh spicy,green,aromatic
eros,versace,,20788,,,,,men,4.08,,,,vanilla,aromatic,green,fresh spicy,amber
eros eau de parfum,versace,,4711,,,,,men,4.35,,,,aromatic,citrus,green,vanilla,woody
eros flame,versace,,9687,,,,,men,4.3,,,,citrus,vanilla,fresh spicy,aromatic,woody
eros parfum,versace,,1439,,,,,men,4.28,,,,aromatic,amber,green,fresh spicy,vanilla
eros pour femme,versace,,4268,,,,,women,3.78,,,,citrus,white floral,woody,musky,floral
eros pour femme eau de toilette,versace,,2064,,,,,women,4.16,,,,citrus,fruity,sweet,white floral,floral
eternal oud,lattafa perfumes,,1065,,,,,unisex,4.24,,,,amber,vanilla,sweet,powdery,fruity
fahrenheit,dior,,18355,,,,,men,4.03,,,,leather,woody,ozonic,fresh spicy,animalic
fahrenheit 32,dior,,2348,,,,,men,4.06,,,,vanilla,white floral,sweet,citrus,aromatic
fahrenheit cologne,dior,,824,,,,,men,4.12,,,,citrus,woody,violet,aromatic,fresh spicy
fahrenheit le parfum,dior,,4141,,,,,men,4.3,,,,vanilla,ozonic,soft spicy,aquatic,rum
fakhar black,lattafa perfumes,,2461,,,,,men,4.28,,,,aromatic,woody,fresh spicy,fruity,citrus
fakhar rose,lattafa perfumes,,1317,,,,,women,4.18,,,,white floral,tuberose,fruity,sweet,animalic
feve delicieuse,dior,,2864,,,,,unisex,4.26,,,,sweet,vanilla,amber,warm spicy,cacao
feve delicieuse 2018,dior,,1121,,,,,unisex,4.18,,,,vanilla,sweet,amber,warm spicy,aromatic
fiero,xerjoff,,1067,,,,,men,4.13,,,,citrus,aromatic,fresh spicy,woody,green
figuier eden,giorgio armani,,1214,,,,,unisex,4.22,,,,green,fruity,citrus,sweet,fresh
fiore d ulivo,xerjoff,,1143,,,,,women,4,,,,floral,citrus,aromatic,fresh spicy,musky
fleur de portofino,tom ford,,1118,,,,,unisex,4.04,,,,white floral,citrus,floral,sweet,honey
fleur du male,jean paul gaultier,,2631,,,,,men,4.13,,,,herbal,aromatic,fresh spicy,citrus,green
fleurissimo,creed,,756,,,,,women,4.04,,,,tuberose,white floral,citrus,rose,animalic
flower market,maison martin margiela,,1621,,,,,women,3.68,,,,white floral,floral,tuberose,green,rose
flowerbomb,viktor rolf,,17964,,,,,women,3.92,,,,floral,patchouli,white floral,woody,citrus
flowerbomb dew,viktor rolf,,850,,,,,women,3.92,,,,powdery,musky,iris,woody,floral
flowerbomb midnight,viktor rolf,,989,,,,,women,3.87,,,,fruity,floral,musky,woody,white floral
flowerbomb nectar,viktor rolf,,2391,,,,,women,4.1,,,,vanilla,amber,aromatic,warm spicy,smoky
flowerbomb ruby orchid,viktor rolf,,1482,,,,,women,3.78,,,,vanilla,sweet,powdery,floral,fruity
forever and ever,dior,,1006,,,,,women,4.2,,,,floral,rose,fresh spicy,white floral,aromatic
fougere d argent,tom ford,,857,,,,,unisex,4.24,,,,woody,warm spicy,lavender,aromatic,oud
fragile,jean paul gaultier,,1586,,,,,women,4.09,,,,white floral,tuberose,citrus,warm spicy,floral
from the garden,maison martin margiela,,854,,,,,unisex,3.71,,,,aromatic,fresh spicy,green,citrus,patchouli
fucking fabulous,tom ford,,6592,,,,,unisex,3.8,,,,aromatic,leather,vanilla,almond,amber
gabrielle,chanel,,6989,,,,,women,3.67,,,,white floral,citrus,woody,sweet,fruity
gabrielle essence,chanel,,3148,,,,,women,4.03,,,,white floral,citrus,sweet,fruity,tuberose
galloway,parfums de marly,,1580,,,,,unisex,4.06,,,,citrus,musky,powdery,fresh spicy,white floral
gardenia,chanel,,1852,,,,,women,4.11,,,,white floral,green,tuberose,animalic,sweet
gaultier divine,jean paul gaultier,,2191,,,,,women,3.69,,,,white floral,sweet,aquatic,marine,aromatic
gio,giorgio armani,,1494,,,,,women,4.26,,,,white floral,warm spicy,woody,floral,amber
godolphin,parfums de marly,,2009,,,,,men,4.18,,,,leather,aromatic,fruity,animalic,woody
golden dallah,xerjoff,,943,,,,,unisex,4.16,,,,warm spicy,amber,woody,coffee,cacao
good fortune,viktor rolf,,1739,,,,,women,3.44,,,,white floral,vanilla,soft spicy,floral,fresh
gran ballo,xerjoff,,1368,,,,,women,3.75,,,,white floral,caramel,vanilla,sweet,amber
green irish tweed,creed,,9196,,,,,men,4.31,,,,citrus,ozonic,iris,powdery,woody
greenley,parfums de marly,,3379,,,,,unisex,4.23,,,,woody,citrus,fruity,powdery,green
grey vetiver,tom ford,,6933,,,,,men,4.29,,,,woody,aromatic,earthy,citrus,fresh spicy
grey vetiver eau de toilette,tom ford,,907,,,,,men,4.23,,,,citrus,aromatic,earthy,fresh spicy,woody
gris montaigne,dior,,841,,,,,women,4.27,,,,woody,earthy,patchouli,mossy,rose
habdan,parfums de marly,,1170,,,,,unisex,4.26,,,,amber,warm spicy,caramel,woody,balsamic
haltane,parfums de marly,,2089,,,,,men,4.36,,,,oud,sweet,aromatic,warm spicy,woody
hayaati,lattafa perfumes,,735,,,,,unisex,4.2,,,,fruity,cinnamon,musky,warm spicy,vanilla
herod,parfums de marly,,8151,,,,,men,4.45,,,,tobacco,vanilla,warm spicy,cinnamon,sweet
higher,dior,,1317,,,,,men,4.14,,,,aromatic,fresh spicy,fruity,woody,sweet
higher energy,dior,,1317,,,,,men,4.05,,,,fresh spicy,aromatic,woody,fruity,sweet
himalaya,creed,,2387,,,,,men,4.04,,,,citrus,woody,powdery,musky,amber
hunter intense,armaf,,888,,,,,men,4.28,,,,citrus,fresh spicy,aromatic,warm spicy,lavender
hypnotic poison,dior,,25173,,,,,women,4.09,,,,vanilla,sweet,almond,fruity,nutty
hypnotic poison eau de parfum,dior,,3987,,,,,women,4.16,,,,vanilla,sweet,soft spicy,almond,white floral
hypnotic poison eau secrete,dior,,1376,,,,,women,3.98,,,,citrus,vanilla,white floral,sweet,fresh spicy
hypnotic poison eau sensuelle,dior,,3993,,,,,women,4.16,,,,vanilla,sweet,powdery,woody,white floral
idole d armani,giorgio armani,,2365,,,,,women,3.8,,,,warm spicy,sweet,citrus,fruity,fresh
in love again,yves saint laurent,,1659,,,,,women,4.24,,,,fruity,aromatic,green,citrus,fresh spicy
infusion d homme,prada,,2550,,,,,men,4.24,,,,powdery,iris,woody,amber,aromatic
infusion d iris,prada,,10116,,,,,women,4.11,,,,iris,woody,amber,powdery,citrus
infusion d iris eau de parfum absolue,prada,,1036,,,,,women,4.37,,,,iris,vanilla,powdery,amber,balsamic
infusion de fleur d oranger,prada,,1040,,,,,women,3.94,,,,white floral,citrus,tuberose,,
italica,xerjoff,,1329,,,,,unisex,4.11,,,,sweet,almond,vanilla,woody,warm spicy
italica 2021,xerjoff,,2843,,,,,unisex,3.85,,,,sweet,lactonic,almond,vanilla,nutty
j adore,dior,,25013,,,,,women,3.78,,,,white floral,floral,fruity,sweet,fresh
j adore absolu,dior,,918,,,,,women,4.04,,,,white floral,floral,tuberose,citrus,rose
j adore eau de toilette 2011,dior,,2091,,,,,women,3.84,,,,white floral,citrus,sweet,fresh,yellow floral
j adore in joy,dior,,1806,,,,,women,3.79,,,,white floral,salty,fruity,yellow floral,sweet
j adore infinissime,dior,,1858,,,,,women,3.79,,,,white floral,tuberose,woody,yellow floral,citrus
j adore l absolu,dior,,1756,,,,,women,4.06,,,,white floral,yellow floral,tuberose,sweet,woody
j adore l or,dior,,2538,,,,,women,4.24,,,,vanilla,amber,white floral,rose,sweet
j adore voile de parfum,dior,,1197,,,,,women,3.96,,,,iris,powdery,musky,rose,violet
jardin d amalfi,creed,,903,,,,,unisex,4.35,,,,citrus,fruity,fresh spicy,green,aromatic
jasmin rouge,tom ford,,3642,,,,,women,4.13,,,,white floral,yellow floral,warm spicy,citrus,woody
jazz,yves saint laurent,,1567,,,,,men,4.11,,,,aromatic,fresh spicy,herbal,warm spicy,lavender
jazz club,maison martin margiela,,11724,,,,,men,4.2,,,,tobacco,sweet,rum,vanilla,woody
joy by dior,dior,,4346,,,,,women,3.38,,,,citrus,woody,powdery,white floral,musky
joy by dior intense,dior,,1384,,,,,women,3.8,,,,vanilla,white floral,powdery,citrus,rose
k by dolce gabbana,dolce gabbana,,2991,,,,,men,3.59,,,,aromatic,citrus,woody,fresh spicy,warm spicy
k by dolce gabbana eau de parfum,dolce gabbana,,2211,,,,,men,3.97,,,,aromatic,woody,citrus,fresh spicy,warm spicy
kalan,parfums de marly,,2220,,,,,unisex,3.69,,,,warm spicy,woody,citrus,fresh spicy,mossy
khamrah,lattafa perfumes,,9276,,,,,unisex,4.39,,,,sweet,warm spicy,vanilla,amber,cinnamon
khamrah qahwa,lattafa perfumes,,1564,,,,,unisex,4.49,,,,warm spicy,sweet,vanilla,coffee,cinnamon
kokorico,jean paul gaultier,,2306,,,,,men,3.84,,,,woody,warm spicy,cacao,green,patchouli
kouros,yves saint laurent,,7401,,,,,men,3.64,,,,musky,animalic,aromatic,powdery,honey
l eau ambree,prada,,2070,,,,,women,4.13,,,,amber,citrus,balsamic,patchouli,woody
l eau the one,dolce gabbana,,1275,,,,,women,3.99,,,,white floral,fruity,vanilla,powdery,sweet
l homme,yves saint laurent,,10040,,,,,men,4.36,,,,warm spicy,citrus,aromatic,fresh spicy,woody
l homme le parfum,yves saint laurent,,899,,,,,men,3.93,,,,woody,aromatic,ozonic,warm spicy,fresh spicy
l homme libre,yves saint laurent,,2250,,,,,men,4.03,,,,fresh spicy,soft spicy,ozonic,aromatic,green
l homme parfum intense,yves saint laurent,,2110,,,,,men,4.16,,,,amber,citrus,animalic,white floral,woody
l homme sport,yves saint laurent,,796,,,,,men,3.84,,,,citrus,woody,aromatic,aldehydic,fresh spicy
l homme ultime,yves saint laurent,,2192,,,,,men,4.37,,,,warm spicy,aromatic,citrus,woody,rose
l imperatrice limited edition,dolce gabbana,,1675,,,,,women,3.83,,,,floral,ozonic,fruity,aquatic,rose
la belle,jean paul gaultier,,6344,,,,,women,4.15,,,,vanilla,fruity,sweet,powdery,aquatic
la belle fleur terrible,jean paul gaultier,,743,,,,,women,4.08,,,,floral,iris,vanilla,powdery,aquatic
la belle le parfum,jean paul gaultier,,3693,,,,,women,4.19,,,,vanilla,sweet,fruity,amber,
la capitale,xerjoff,,1716,,,,,unisex,4.07,,,,fruity,sweet,amber,leather,caramel
la collection couturier parfumeur mitzah,dior,,728,,,,,women,4.41,,,,amber,warm spicy,cinnamon,honey,balsamic
la collection in love again,yves saint laurent,,967,,,,,women,4.18,,,,fruity,floral,rose,citrus,sweet
la collection m7 oud absolu,yves saint laurent,,2568,,,,,men,4.31,,,,amber,oud,patchouli,warm spicy,woody
la nuit de l homme,yves saint laurent,,19533,,,,,men,4.44,,,,aromatic,warm spicy,lavender,woody,fresh spicy
la nuit de l homme bleu electrique,yves saint laurent,,4228,,,,,men,4.56,,,,warm spicy,aromatic,lavender,fresh spicy,woody
la nuit de l homme eau de parfum,yves saint laurent,,1100,,,,,men,3.99,,,,aromatic,warm spicy,woody,leather,vanilla
la nuit de l homme eau electrique,yves saint laurent,,958,,,,,men,3.87,,,,aromatic,vanilla,fresh spicy,woody,citrus
la nuit de l homme frozen cologne,yves saint laurent,,927,,,,,men,4.43,,,,fresh spicy,aromatic,citrus,woody,warm spicy
la nuit de l homme l intense,yves saint laurent,,1067,,,,,men,3.91,,,,powdery,violet,vanilla,iris,woody
la nuit de l homme le parfum,yves saint laurent,,2824,,,,,men,4.25,,,,fresh spicy,fruity,sweet,aromatic,lavender
la tosca,xerjoff,,1108,,,,,women,3.62,,,,ozonic,woody,citrus,aquatic,musky
lavender extreme,tom ford,,1092,,,,,unisex,4.12,,,,aromatic,lavender,vanilla,warm spicy,sweet
layton,parfums de marly,,11455,,,,,unisex,4.46,,,,warm spicy,vanilla,fresh spicy,woody,aromatic
layton exclusif,parfums de marly,,2687,,,,,unisex,4.34,,,,woody,oud,vanilla,powdery,warm spicy
lazy sunday morning,maison martin margiela,,5165,,,,,unisex,3.78,,,,musky,fresh,white floral,aldehydic,rose
le beau,jean paul gaultier,,6599,,,,,men,4.31,,,,coconut,vanilla,sweet,citrus,lactonic
le beau le parfum,jean paul gaultier,,7651,,,,,men,4.56,,,,sweet,woody,coconut,amber,vanilla
le beau male,jean paul gaultier,,1024,,,,,men,3.57,,,,aromatic,fresh spicy,green,lavender,musky
le beau paradise garden,jean paul gaultier,,3316,,,,,men,4.32,,,,green,coconut,sweet,aquatic,vanilla
le lion eau de parfum,chanel,,1912,,,,,unisex,4.11,,,,amber,woody,musky,powdery,citrus
le male,jean paul gaultier,,18841,,,,,men,4.01,,,,aromatic,vanilla,fresh spicy,lavender,warm spicy
le male elixir,jean paul gaultier,,10388,,,,,men,4.56,,,,vanilla,sweet,honey,amber,aromatic
le male essence de parfum,jean paul gaultier,,1589,,,,,men,4.21,,,,warm spicy,aromatic,leather,vanilla,lavender
le male in the navy,jean paul gaultier,,705,,,,,men,4.07,,,,aromatic,marine,green,vanilla,aquatic
le male le parfum,jean paul gaultier,,13406,,,,,men,4.6,,,,warm spicy,vanilla,lavender,aromatic,powdery
le male popeye eau fraiche,jean paul gaultier,,782,,,,,men,4.25,,,,vanilla,aromatic,green,aldehydic,fresh spicy
le male superman eau fraiche,jean paul gaultier,,807,,,,,men,4.25,,,,aromatic,vanilla,green,aldehydic,amber
le male terrible,jean paul gaultier,,991,,,,,men,4.11,,,,lavender,vanilla,aromatic,citrus,soft spicy
les creations de monsieur dior diorissimo eau de toilette,dior,,850,,,,,women,4.13,,,,white floral,fresh,green,yellow floral,
les creations de monsieur dior forever and ever,dior,,3508,,,,,women,4.31,,,,floral,rose,white floral,,
les exclusifs de chanel 1932,chanel,,1011,,,,,women,4.21,,,,floral,woody,fresh,powdery,white floral
les exclusifs de chanel 31 rue cambon,chanel,,1807,,,,,women,4.4,,,,woody,iris,fresh spicy,patchouli,yellow floral
les exclusifs de chanel coromandel,chanel,,4416,,,,,women,4.4,,,,amber,woody,warm spicy,patchouli,balsamic
les exclusifs de chanel cuir de russie,chanel,,1200,,,,,women,4.28,,,,leather,smoky,white floral,animalic,sweet
les exclusifs de chanel cuir de russie 1924,chanel,,1029,,,,,women,4.25,,,,leather,woody,aromatic,smoky,powdery
les exclusifs de chanel eau de cologne,chanel,,756,,,,,women,4.26,,,,citrus,green,aromatic,fresh spicy,fresh
les exclusifs de chanel misia,chanel,,1227,,,,,women,4.14,,,,powdery,violet,iris,floral,earthy
les exclusifs de chanel no 22,chanel,,1196,,,,,women,4.23,,,,white floral,aldehydic,fresh,yellow floral,woody
liam,lattafa perfumes,,777,,,,,unisex,4.47,,,,woody,warm spicy,vanilla,powdery,aromatic
libre,yves saint laurent,,14331,,,,,women,3.93,,,,white floral,citrus,lavender,vanilla,aromatic
libre eau de toilette,yves saint laurent,,2044,,,,,women,3.91,,,,white floral,citrus,lavender,floral,fresh
libre intense,yves saint laurent,,7124,,,,,women,4.26,,,,vanilla,white floral,lavender,citrus,sweet
libre l absolu platine,yves saint laurent,,898,,,,,women,3.62,,,,citrus,lavender,aldehydic,white floral,aromatic
libre le parfum,yves saint laurent,,3062,,,,,women,4.27,,,,vanilla,sweet,citrus,warm spicy,honey
light blue,dolce gabbana,,29708,,,,,women,3.84,,,,citrus,woody,fresh,fruity,aromatic
light blue dreaming in portofino,dolce gabbana,,1217,,,,,women,3.72,,,,fruity,floral,musky,tropical,powdery
light blue eau intense,dolce gabbana,,4390,,,,,women,4.13,,,,citrus,musky,fresh,fruity,aromatic
light blue eau intense pour homme,dolce gabbana,,7990,,,,,men,4.14,,,,aromatic,citrus,marine,fresh spicy,woody
light blue escape to panarea,dolce gabbana,,823,,,,,women,4.03,,,,sweet,white floral,citrus,fruity,amber
light blue forever,dolce gabbana,,1155,,,,,women,3.83,,,,citrus,white floral,musky,woody,fruity
light blue forever pour homme,dolce gabbana,,3004,,,,,men,4.31,,,,citrus,ozonic,aromatic,fresh spicy,woody
light blue pour homme,dolce gabbana,,6384,,,,,men,3.92,,,,citrus,fresh spicy,aromatic,woody,
light blue pour homme italian love,dolce gabbana,,1279,,,,,men,4.35,,,,citrus,ozonic,woody,green,aromatic
light blue pour homme summer vibes,dolce gabbana,,749,,,,,men,3.85,,,,woody,aromatic,citrus,amber,fresh spicy
light blue sun,dolce gabbana,,919,,,,,women,4.02,,,,citrus,coconut,ozonic,vanilla,tropical
light di gioia,giorgio armani,,782,,,,,women,3.66,,,,white floral,citrus,musky,woody,lactonic
lipstick on,maison martin margiela,,1659,,,,,women,4.19,,,,vanilla,powdery,iris,sweet,aromatic
lira,xerjoff,,7101,,,,,women,4.31,,,,citrus,caramel,vanilla,sweet,cinnamon
live jazz,yves saint laurent,,764,,,,,men,4.17,,,,aromatic,citrus,green,fresh spicy,soft spicy
london,tom ford,,783,,,,,unisex,4,,,,warm spicy,fresh spicy,amber,smoky,woody
lost cherry,tom ford,,11354,,,,,unisex,4.13,,,,cherry,sweet,almond,nutty,fruity
love in black,creed,,1442,,,,,women,3.64,,,,powdery,violet,floral,woody,iris
love in white,creed,,2752,,,,,women,3.69,,,,floral,citrus,yellow floral,white floral,powdery
luna rossa,prada,,3893,,,,,men,4.13,,,,aromatic,lavender,green,fresh spicy,citrus
luna rossa black,prada,,5099,,,,,men,4.36,,,,amber,musky,woody,powdery,vanilla
luna rossa carbon,prada,,5969,,,,,men,4.3,,,,fresh spicy,amber,lavender,aromatic,metallic
luna rossa ocean,prada,,3541,,,,,men,4.01,,,,aromatic,musky,powdery,lavender,herbal
luna rossa ocean eau de parfum,prada,,1402,,,,,men,4.16,,,,amber,woody,vanilla,balsamic,citrus
luna rossa sport,prada,,2211,,,,,men,4.17,,,,vanilla,aromatic,lavender,fresh spicy,sweet
m7,yves saint laurent,,3491,,,,,men,4.38,,,,oud,amber,aromatic,fresh spicy,citrus
ma dame,jean paul gaultier,,2290,,,,,women,3.76,,,,sweet,fruity,citrus,rose,musky
maahir black edition,lattafa perfumes,,774,,,,,unisex,4.09,,,,woody,fresh spicy,leather,aromatic,warm spicy
maahir legacy,lattafa perfumes,,1153,,,,,men,4.27,,,,aromatic,fresh spicy,citrus,green,amber
mandarino di amalfi,tom ford,,2731,,,,,unisex,4.16,,,,citrus,aromatic,white floral,fresh spicy,green
mandarino di amalfi acqua,tom ford,,898,,,,,unisex,4.16,,,,citrus,aromatic,fresh spicy,green,white floral
manifesto,yves saint laurent,,7277,,,,,women,3.88,,,,vanilla,woody,fruity,powdery,white floral
manifesto l eclat,yves saint laurent,,933,,,,,women,4.04,,,,vanilla,white floral,woody,aromatic,green
manifesto l elixir,yves saint laurent,,2458,,,,,women,4.14,,,,vanilla,powdery,white floral,citrus,amber
matcha meditation,maison martin margiela,,2514,,,,,unisex,3.87,,,,white floral,green,sweet,citrus,fresh
mefisto,xerjoff,,2592,,,,,men,4.25,,,,citrus,powdery,aromatic,woody,fresh spicy
mefisto gentiluomo,xerjoff,,877,,,,,men,4.3,,,,citrus,powdery,violet,lavender,aromatic
meliora,parfums de marly,,2607,,,,,women,4.04,,,,fruity,soft spicy,fresh,aromatic,green
metallique,tom ford,,3173,,,,,women,3.71,,,,vanilla,aldehydic,powdery,floral,fresh
midnight poison,dior,,9404,,,,,women,4.21,,,,patchouli,citrus,rose,woody,amber
millesime imperial,creed,,5616,,,,,unisex,4.24,,,,marine,citrus,salty,fruity,aromatic
misia eau de parfum,chanel,,812,,,,,women,4.06,,,,powdery,violet,fruity,iris,fresh
miss dior,dior,,3321,,,,,women,4.13,,,,aromatic,green,woody,earthy,white floral
miss dior 2012,dior,,6909,,,,,women,4.09,,,,patchouli,citrus,rose,woody,white floral
miss dior absolutely blooming,dior,,4515,,,,,women,4.02,,,,fruity,rose,floral,sweet,woody
miss dior blooming bouquet,dior,,9302,,,,,women,4.09,,,,floral,rose,fresh,fruity,musky
miss dior blooming bouquet 2023,dior,,756,,,,,women,3.95,,,,floral,rose,fresh,musky,citrus
miss dior cherie,dior,,7457,,,,,women,4.01,,,,sweet,fruity,caramel,cherry,patchouli
miss dior cherie blooming bouquet 2007,dior,,1167,,,,,women,4.01,,,,floral,fresh,rose,musky,citrus
miss dior cherie blooming bouquet 2011,dior,,705,,,,,women,3.99,,,,rose,floral,citrus,fresh,musky
miss dior cherie eau de parfum,dior,,4998,,,,,women,4.09,,,,fruity,woody,sweet,patchouli,citrus
miss dior cherie eau de toilette 2010,dior,,1461,,,,,women,4.16,,,,sweet,vanilla,fruity,lactonic,patchouli
miss dior cherie l eau,dior,,2796,,,,,women,4.05,,,,white floral,citrus,musky,lactonic,animalic
miss dior eau de parfum 2017,dior,,3297,,,,,women,3.94,,,,citrus,woody,rose,patchouli,sweet
miss dior eau de parfum 2021,dior,,4123,,,,,women,3.84,,,,vanilla,powdery,rose,floral,fruity
miss dior eau de toilette,dior,,2575,,,,,women,4.14,,,,patchouli,rose,citrus,woody,warm spicy
miss dior eau de toilette 2019,dior,,814,,,,,women,3.93,,,,citrus,rose,patchouli,woody,warm spicy
miss dior eau de toilette originale,dior,,1304,,,,,women,4.21,,,,green,patchouli,white floral,aromatic,balsamic
miss dior eau fraiche,dior,,1253,,,,,women,3.7,,,,citrus,white floral,patchouli,woody,green
miss dior le parfum,dior,,3490,,,,,women,4.19,,,,amber,patchouli,rose,vanilla,woody
miss dior parfum 2024,dior,,777,,,,,women,3.87,,,,woody,fruity,amber,sweet,earthy
miss dior rose n roses,dior,,2901,,,,,women,3.75,,,,rose,musky,fresh spicy,citrus,aromatic
mon paris,yves saint laurent,,8072,,,,,women,3.77,,,,fruity,sweet,fresh,patchouli,white floral
mon paris intensement,yves saint laurent,,1077,,,,,women,4,,,,fruity,rose,floral,sweet,vanilla
music festival,maison martin margiela,,1116,,,,,unisex,3.78,,,,woody,smoky,aromatic,patchouli,cannabis
my way,giorgio armani,,9248,,,,,women,3.75,,,,white floral,tuberose,citrus,animalic,vanilla
my way floral,giorgio armani,,810,,,,,women,4.02,,,,citrus,white floral,tuberose,animalic,sweet
my way intense,giorgio armani,,1976,,,,,women,3.9,,,,white floral,tuberose,citrus,vanilla,animalic
my way parfum,giorgio armani,,848,,,,,women,3.86,,,,white floral,citrus,musky,tuberose,powdery
myslf eau de parfum,yves saint laurent,,3804,,,,,men,4.08,,,,citrus,white floral,patchouli,fresh spicy,woody
najdia,lattafa perfumes,,907,,,,,unisex,4.09,,,,citrus,aromatic,warm spicy,aquatic,fresh spicy
nebras,lattafa perfumes,,1725,,,,,unisex,4.31,,,,vanilla,sweet,cacao,warm spicy,amber
neroli portofino,tom ford,,6824,,,,,unisex,3.95,,,,citrus,white floral,fresh spicy,aromatic,
neroli portofino acqua,tom ford,,1107,,,,,unisex,3.93,,,,citrus,white floral,aromatic,fresh spicy,green
nio,xerjoff,,2145,,,,,men,4.3,,,,citrus,green,aromatic,woody,fresh spicy
noir,tom ford,,3786,,,,,men,4.04,,,,amber,powdery,fresh spicy,woody,violet
noir anthracite,tom ford,,1376,,,,,men,3.98,,,,woody,warm spicy,fresh spicy,citrus,leather
noir de noir,tom ford,,7481,,,,,unisex,4.32,,,,earthy,rose,patchouli,warm spicy,vanilla
noir extreme,tom ford,,9120,,,,,men,4.43,,,,warm spicy,sweet,vanilla,woody,powdery
noir extreme parfum,tom ford,,1627,,,,,men,4.37,,,,warm spicy,leather,vanilla,sweet,woody
noir pour femme,tom ford,,5654,,,,,women,4.29,,,,sweet,vanilla,amber,woody,powdery
nu,yves saint laurent,,1975,,,,,women,4.26,,,,warm spicy,fresh spicy,woody,aromatic,powdery
nu eau de toilette,yves saint laurent,,706,,,,,women,4.08,,,,warm spicy,powdery,white floral,amber,floral
oajan,parfums de marly,,4250,,,,,unisex,4.43,,,,amber,warm spicy,vanilla,cinnamon,honey
ocean di gioia,giorgio armani,,1563,,,,,women,4.06,,,,white floral,fresh,green,fruity,citrus
odyssey homme,armaf,,760,,,,,men,4.26,,,,amber,vanilla,warm spicy,powdery,iris
ombre leather 2018,tom ford,,11278,,,,,unisex,4.34,,,,leather,animalic,warm spicy,white floral,amber
ombre leather parfum,tom ford,,2667,,,,,unisex,4.32,,,,leather,woody,animalic,ozonic,aquatic
on a date,maison martin margiela,,1561,,,,,unisex,3.42,,,,rose,fruity,aromatic,woody,earthy
opera,xerjoff,,751,,,,,unisex,4.05,,,,woody,sweet,yellow floral,fruity,fresh spicy
opium 1977,yves saint laurent,,8278,,,,,women,3.96,,,,warm spicy,amber,woody,balsamic,aromatic
opium eau de parfum 2009,yves saint laurent,,6778,,,,,women,3.9,,,,amber,balsamic,sweet,warm spicy,citrus
opium parfum,yves saint laurent,,865,,,,,women,4.57,,,,amber,warm spicy,woody,balsamic,aromatic
opium pour homme,yves saint laurent,,4734,,,,,men,4.31,,,,soft spicy,powdery,fruity,anis,fresh spicy
opium pour homme eau de parfum,yves saint laurent,,730,,,,,men,4.62,,,,soft spicy,powdery,anis,vanilla,fruity
opium vapeurs de parfum,yves saint laurent,,1940,,,,,women,3.98,,,,white floral,amber,citrus,smoky,woody
opulent oud,lattafa perfumes,,842,,,,,unisex,4.08,,,,oud,warm spicy,amber,metallic,rose
orchid soleil,tom ford,,3434,,,,,women,3.65,,,,white floral,vanilla,sweet,tuberose,lactonic
oriana,parfums de marly,,3045,,,,,women,3.92,,,,sweet,citrus,fruity,powdery,white floral
original santal,creed,,2595,,,,,unisex,4.06,,,,aromatic,woody,fresh spicy,warm spicy,lavender
original vetiver,creed,,2788,,,,,unisex,4.21,,,,citrus,woody,aromatic,earthy,warm spicy
oud eau de parfum,acqua di parma,,1024,,,,,unisex,4.33,,,,woody,citrus,oud,leather,aromatic
oud extrait de parfum,maison francis kurkdjian,,766,,,,,unisex,4.23,,,,warm spicy,oud,woody,vanilla,aromatic
oud ispahan,dior,,2113,,,,,unisex,4.09,,,,oud,rose,woody,amber,warm spicy
oud mood,lattafa perfumes,,1403,,,,,unisex,4.05,,,,amber,oud,woody,warm spicy,caramel
oud silk mood,maison francis kurkdjian,,1266,,,,,unisex,3.85,,,,rose,oud,floral,woody,fresh spicy
ouverture,xerjoff,,774,,,,,unisex,4.16,,,,woody,amber,warm spicy,green,citrus
paris,yves saint laurent,,5474,,,,,women,3.86,,,,floral,powdery,rose,violet,green
paris biarritz,chanel,,860,,,,,unisex,4.06,,,,citrus,green,fresh spicy,white floral,
paris deauville,chanel,,1108,,,,,unisex,4.15,,,,citrus,green,fresh spicy,aromatic,patchouli
paris edimbourg,chanel,,923,,,,,unisex,4.29,,,,woody,aromatic,fresh spicy,lavender,
paris riviera,chanel,,830,,,,,unisex,4.07,,,,citrus,floral,white floral,fresh,fresh spicy
paris venise,chanel,,1543,,,,,unisex,4.27,,,,citrus,powdery,iris,vanilla,violet
parisienne,yves saint laurent,,6219,,,,,women,3.77,,,,fruity,rose,floral,violet,powdery
pegasus,parfums de marly,,4720,,,,,men,4.11,,,,almond,vanilla,powdery,nutty,sweet
pegasus exclusif,parfums de marly,,1259,,,,,men,4.26,,,,woody,almond,vanilla,powdery,warm spicy
percival,parfums de marly,,3506,,,,,unisex,4.23,,,,amber,woody,citrus,aromatic,fresh spicy
perseus,parfums de marly,,1082,,,,,men,3.89,,,,citrus,woody,aromatic,fresh spicy,
pikovaya dama 2018,xerjoff,,805,,,,,unisex,4.3,,,,powdery,aldehydic,citrus,woody,fresh
pivoine suzhou,giorgio armani,,1282,,,,,women,4.1,,,,rose,floral,fruity,sweet,fresh
plum japonais,tom ford,,2902,,,,,women,4.34,,,,warm spicy,fruity,amber,sweet,oud
poison,dior,,14700,,,,,women,3.94,,,,fruity,sweet,amber,white floral,woody
poison esprit de parfum,dior,,794,,,,,women,4.57,,,,amber,warm spicy,sweet,woody,fruity
poison girl,dior,,8624,,,,,women,3.93,,,,vanilla,sweet,almond,powdery,citrus
poison girl eau de toilette,dior,,2614,,,,,women,4.07,,,,citrus,vanilla,sweet,caramel,powdery
poison girl unexpected,dior,,1366,,,,,women,3.95,,,,vanilla,citrus,warm spicy,sweet,woody
pour monsieur,chanel,,2453,,,,,men,4.27,,,,aromatic,citrus,woody,earthy,mossy
pour monsieur concentree,chanel,,930,,,,,men,4.28,,,,aromatic,citrus,fresh spicy,earthy,vanilla
prada,prada,,4352,,,,,women,4.01,,,,woody,warm spicy,patchouli,amber,balsamic
prada amber pour homme prada man,prada,,4980,,,,,men,4.23,,,,warm spicy,amber,aromatic,citrus,woody
prada candy,prada,,15060,,,,,women,3.77,,,,caramel,powdery,amber,sweet,vanilla
prada candy florale,prada,,1997,,,,,women,3.64,,,,floral,fresh,honey,sweet,citrus
prada candy gloss,prada,,1891,,,,,women,3.9,,,,sweet,cherry,almond,fruity,nutty
prada candy kiss,prada,,2237,,,,,women,4.06,,,,musky,white floral,vanilla,powdery,sweet
prada candy l eau,prada,,2306,,,,,women,3.96,,,,caramel,sweet,amber,citrus,musky
prada candy night,prada,,1452,,,,,women,3.82,,,,vanilla,sweet,chocolate,warm spicy,powdery
prada l homme,prada,,11046,,,,,men,4.43,,,,powdery,iris,violet,woody,fresh spicy
prada l homme intense,prada,,4326,,,,,men,4.51,,,,iris,powdery,amber,woody,earthy
prada l homme l eau,prada,,2365,,,,,men,4.42,,,,powdery,iris,woody,warm spicy,violet
prada la femme,prada,,2897,,,,,women,3.93,,,,floral,tuberose,beeswax,tropical,white floral
prada la femme intense,prada,,1065,,,,,women,3.83,,,,white floral,woody,tuberose,floral,yellow floral
prada la femme l eau,prada,,719,,,,,women,3.96,,,,citrus,floral,tuberose,yellow floral,tropical
prada paradoxe,prada,,4909,,,,,women,3.85,,,,white floral,citrus,sweet,amber,vanilla
prada paradoxe intense,prada,,1067,,,,,women,3.94,,,,white floral,vanilla,mossy,citrus,fruity
prada tendre,prada,,912,,,,,women,4.09,,,,woody,citrus,warm spicy,aromatic,amber
pure poison,dior,,15676,,,,,women,4.04,,,,white floral,citrus,woody,,
pure poison elixir,dior,,1230,,,,,women,4.34,,,,white floral,citrus,vanilla,cacao,sweet
q by dolce gabbana,dolce gabbana,,1245,,,,,women,3.7,,,,citrus,powdery,musky,cherry,woody
qaa ed,lattafa perfumes,,1507,,,,,unisex,4.17,,,,warm spicy,leather,cinnamon,woody,oud
qaed al fursan,lattafa perfumes,,2767,,,,,unisex,4.31,,,,fruity,sweet,tropical,woody,fresh
qaed al fursan unlimited,lattafa perfumes,,1133,,,,,unisex,3.91,,,,vanilla,sweet,coconut,tropical,powdery
raghba wood intense,lattafa perfumes,,1366,,,,,men,4.14,,,,woody,amber,sweet,balsamic,smoky
ramz lattafa silver,lattafa perfumes,,1131,,,,,unisex,4.41,,,,vanilla,aromatic,sweet,fruity,powdery
red jeans,versace,,3145,,,,,women,3.53,,,,floral,fruity,powdery,rose,sweet
richwood,xerjoff,,1050,,,,,unisex,4.31,,,,woody,patchouli,citrus,warm spicy,powdery
rive gauche,yves saint laurent,,4114,,,,,women,3.92,,,,aldehydic,white floral,woody,earthy,fresh
rive gauche pour homme,yves saint laurent,,1962,,,,,men,4.39,,,,aromatic,woody,fresh spicy,lavender,warm spicy
rosa nobile,acqua di parma,,1396,,,,,women,3.92,,,,rose,floral,fresh,citrus,powdery
rose prick,tom ford,,2470,,,,,unisex,3.68,,,,rose,warm spicy,patchouli,fresh spicy,earthy
rouge trafalgar,dior,,947,,,,,women,4.03,,,,fruity,sweet,citrus,musky,
royal mayfair,creed,,1467,,,,,unisex,4.11,,,,woody,aromatic,citrus,camphor,rose
royal oud,creed,,4414,,,,,unisex,4.37,,,,woody,musky,powdery,citrus,aromatic
royal princess oud,creed,,711,,,,,women,3.97,,,,powdery,woody,violet,citrus,warm spicy
royal water,creed,,1574,,,,,unisex,4.07,,,,citrus,fresh spicy,fresh,aromatic,musky
safanad,parfums de marly,,1875,,,,,women,4.13,,,,sweet,white floral,citrus,vanilla,powdery
sahara noir,tom ford,,2120,,,,,women,4.06,,,,amber,woody,balsamic,warm spicy,smoky
saharienne,yves saint laurent,,1837,,,,,women,3.8,,,,citrus,white floral,aromatic,green,warm spicy
sailing day,maison martin margiela,,2647,,,,,unisex,3.66,,,,marine,aromatic,aldehydic,aquatic,woody
sakura,dior,,719,,,,,unisex,4.07,,,,floral,powdery,fresh,green,rose
santal blush,tom ford,,2865,,,,,women,4.12,,,,woody,warm spicy,powdery,fresh spicy,musky
sauvage,dior,,23727,,,,,men,3.88,,,,fresh spicy,amber,citrus,aromatic,musky
sauvage eau de parfum,dior,,9248,,,,,men,4.19,,,,fresh spicy,citrus,amber,lavender,musky
sauvage elixir,dior,,11229,,,,,men,4.33,,,,warm spicy,fresh spicy,woody,aromatic,lavender
sauvage parfum,dior,,3846,,,,,men,4.04,,,,citrus,woody,amber,aromatic,vanilla
sauvage very cool spray,dior,,786,,,,,men,4.22,,,,fresh spicy,citrus,aromatic,amber,woody
scandal,jean paul gaultier,,7241,,,,,women,3.85,,,,honey,sweet,white floral,citrus,caramel
scandal a paris,jean paul gaultier,,996,,,,,women,4,,,,honey,sweet,fruity,white floral,floral
scandal by night,jean paul gaultier,,2710,,,,,women,4.2,,,,sweet,honey,vanilla,white floral,cherry
scandal le parfum,jean paul gaultier,,1622,,,,,women,4.19,,,,caramel,vanilla,white floral,sweet,salty
scandal pour homme,jean paul gaultier,,4284,,,,,men,4.29,,,,caramel,aromatic,sweet,citrus,vanilla
scandal pour homme le parfum,jean paul gaultier,,1679,,,,,men,4.43,,,,aromatic,vanilla,woody,fresh spicy,warm spicy
sedley,parfums de marly,,3060,,,,,unisex,4.23,,,,citrus,aromatic,fresh spicy,woody,amber
sensi,giorgio armani,,2750,,,,,women,4.31,,,,white floral,sweet,almond,nutty,amber
sheikh al shuyukh luxe edition,lattafa perfumes,,983,,,,,unisex,4.02,,,,warm spicy,woody,amber,caramel,rose
si,giorgio armani,,17074,,,,,women,3.82,,,,woody,vanilla,aromatic,soft spicy,fruity
si eau de toilette,giorgio armani,,1583,,,,,women,3.8,,,,fruity,floral,sweet,woody,citrus
si fiori,giorgio armani,,3285,,,,,women,4.19,,,,vanilla,fruity,citrus,powdery,rose
si intense,giorgio armani,,2701,,,,,women,4.01,,,,fruity,woody,floral,aromatic,soft spicy
si intense 2021,giorgio armani,,1810,,,,,women,4.1,,,,fruity,amber,warm spicy,rose,woody
si passione,giorgio armani,,5723,,,,,women,3.8,,,,fruity,sweet,woody,vanilla,rose
si passione eclat de parfum,giorgio armani,,843,,,,,women,3.7,,,,fruity,rose,musky,floral,citrus
si passione intense,giorgio armani,,865,,,,,women,3.9,,,,woody,fruity,musky,powdery,white floral
sicily,dolce gabbana,,4217,,,,,women,4.09,,,,white floral,fruity,fresh spicy,powdery,floral
silver mountain water,creed,,7538,,,,,unisex,4.18,,,,citrus,green,fruity,musky,woody
sky di gioia,giorgio armani,,982,,,,,women,3.71,,,,fruity,fresh,rose,floral,tropical
soleil blanc,tom ford,,5925,,,,,unisex,4.09,,,,white floral,coconut,sweet,tuberose,amber
soleil brulant,tom ford,,1043,,,,,unisex,3.72,,,,amber,citrus,woody,honey,sweet
soleil neige,tom ford,,2082,,,,,unisex,4.12,,,,white floral,amber,citrus,vanilla,powdery
spice and wood,creed,,1231,,,,,unisex,4.32,,,,woody,fresh spicy,warm spicy,powdery,citrus
spicebomb,viktor rolf,,11529,,,,,men,4.3,,,,warm spicy,cinnamon,tobacco,sweet,soft spicy
spicebomb infrared,viktor rolf,,2021,,,,,men,4.32,,,,warm spicy,cinnamon,tobacco,sweet,fruity
spicebomb night vision eau de parfum,viktor rolf,,1592,,,,,men,4.21,,,,fresh spicy,aromatic,warm spicy,woody,amber
spicebomb night vision eau de toilette,viktor rolf,,1238,,,,,men,3.68,,,,warm spicy,fresh spicy,aromatic,citrus,fruity
spring flower,creed,,1599,,,,,women,3.63,,,,fruity,fresh,white floral,musky,rose
starlight,xerjoff,,1522,,,,,unisex,4.42,,,,warm spicy,cinnamon,aromatic,almond,amber
sublime vanille,creed,,1078,,,,,unisex,4.02,,,,vanilla,citrus,aromatic,powdery,sweet
sun di gioia,giorgio armani,,1975,,,,,women,3.87,,,,floral,amber,vanilla,tropical,yellow floral
supremacy in oud,afnan,,771,,,,,unisex,4.34,,,,warm spicy,fresh spicy,oud,sweet,patchouli
supremacy not only intense,afnan,,2272,,,,,men,4.41,,,,fruity,mossy,woody,earthy,citrus
supremacy silver,afnan,,1567,,,,,men,4.09,,,,fruity,leather,woody,sweet,smoky
tabarome,creed,,1168,,,,,men,4.01,,,,citrus,warm spicy,tobacco,woody,sweet
tea escape,maison martin margiela,,796,,,,,women,3.93,,,,green,lactonic,fresh spicy,aromatic,white floral
tendre poison,dior,,3151,,,,,women,4.04,,,,white floral,citrus,floral,tuberose,sweet
terra di gioia,giorgio armani,,943,,,,,women,3.87,,,,floral,sweet,amber,woody,white floral
the dreamer,versace,,4086,,,,,men,4.08,,,,white floral,aromatic,iris,powdery,fresh spicy
the one,dolce gabbana,,15640,,,,,women,3.84,,,,fruity,white floral,vanilla,powdery,sweet
the one desire,dolce gabbana,,2737,,,,,women,3.93,,,,caramel,vanilla,white floral,tuberose,fruity
the one eau de toilette,dolce gabbana,,1176,,,,,women,3.98,,,,white floral,sweet,fruity,yellow floral,vanilla
the one essence,dolce gabbana,,911,,,,,women,4.08,,,,white floral,fruity,vanilla,amber,powdery
the one for men,dolce gabbana,,12386,,,,,men,4.25,,,,warm spicy,amber,tobacco,aromatic,citrus
the one for men eau de parfum,dolce gabbana,,11353,,,,,men,4.49,,,,warm spicy,amber,tobacco,citrus,aromatic
the one for men eau de parfum intense,dolce gabbana,,1389,,,,,men,4.27,,,,warm spicy,woody,amber,aromatic,musky
the one gentleman,dolce gabbana,,1561,,,,,men,3.91,,,,fresh spicy,warm spicy,vanilla,lavender,aromatic
the one grey,dolce gabbana,,1120,,,,,men,3.79,,,,aromatic,fresh spicy,citrus,warm spicy,woody
the one luminous night,dolce gabbana,,841,,,,,men,4.62,,,,amber,fresh spicy,sweet,aromatic,warm spicy
the one mysterious night,dolce gabbana,,841,,,,,men,4.26,,,,amber,rose,oud,warm spicy,woody
the one royal night,dolce gabbana,,1123,,,,,men,4.36,,,,woody,warm spicy,amber,aromatic,fresh spicy
the one sport,dolce gabbana,,972,,,,,men,3.44,,,,aquatic,woody,aromatic,warm spicy,fresh spicy
the only one,dolce gabbana,,5345,,,,,women,3.94,,,,caramel,sweet,powdery,vanilla,violet
the only one eau de parfum intense,dolce gabbana,,2555,,,,,women,4.19,,,,white floral,vanilla,citrus,coconut,woody
the yulong,giorgio armani,,915,,,,,unisex,4.21,,,,citrus,green,white floral,aromatic,woody
tobacco oud,tom ford,,3433,,,,,unisex,4.2,,,,warm spicy,tobacco,woody,whiskey,oud
tobacco vanille,tom ford,,22332,,,,,unisex,4.23,,,,vanilla,sweet,tobacco,warm spicy,fruity
tom ford for men,tom ford,,2313,,,,,men,4.04,,,,citrus,warm spicy,woody,fresh spicy,aromatic
tony iommi monkey special,xerjoff,,2066,,,,,unisex,4.33,,,,warm spicy,woody,sweet,vanilla,patchouli
torino21,xerjoff,,2368,,,,,unisex,4.53,,,,aromatic,fresh spicy,green,citrus,herbal
torino22,xerjoff,,801,,,,,unisex,4.31,,,,woody,aromatic,warm spicy,camphor,fresh spicy
tres nuit,armaf,,2680,,,,,men,4.14,,,,citrus,powdery,violet,lavender,aromatic
tubereuse nue,tom ford,,1010,,,,,unisex,3.71,,,,white floral,tuberose,musky,amber,leather
turathi blue,afnan,,2466,,,,,men,4.4,,,,citrus,musky,fresh,woody,amber
tuscan leather,tom ford,,8561,,,,,unisex,4.27,,,,leather,fruity,animalic,sweet,amber
tuxedo,yves saint laurent,,2749,,,,,unisex,4.45,,,,patchouli,amber,vanilla,ozonic,fresh spicy
uden,xerjoff,,1668,,,,,men,4.4,,,,citrus,woody,vanilla,powdery,fresh
ultra male,jean paul gaultier,,12479,,,,,men,4.44,,,,vanilla,fruity,sweet,aromatic,cinnamon
under the lemon tree,maison martin margiela,,2765,,,,,unisex,3.82,,,,citrus,green,aromatic,woody,fresh spicy
valaya,parfums de marly,,1954,,,,,women,3.8,,,,musky,citrus,fresh,white floral,aldehydic
vanilla diorama,dior,,1739,,,,,unisex,4.13,,,,warm spicy,vanilla,woody,sweet,citrus
vanilla sex,tom ford,,1539,,,,,unisex,3.11,,,,vanilla,almond,sweet,nutty,powdery
vanille fatale,tom ford,,2620,,,,,unisex,4.11,,,,vanilla,warm spicy,sweet,amber,woody
vanitas,versace,,2662,,,,,women,3.84,,,,white floral,floral,citrus,sweet,woody
vanitas eau de toilette,versace,,786,,,,,women,3.88,,,,floral,rose,fruity,white floral,green
velvet orchid,tom ford,,7726,,,,,women,4.03,,,,floral,sweet,powdery,amber,woody
velvet orchid lumiere,tom ford,,1233,,,,,women,3.97,,,,sweet,floral,honey,woody,powdery
venetian bergamot,tom ford,,1357,,,,,unisex,4.16,,,,woody,citrus,white floral,fresh spicy,warm spicy
ventana pour homme,armaf,,754,,,,,men,4.12,,,,citrus,aromatic,woody,fresh spicy,lavender
versace l homme,versace,,2236,,,,,men,3.91,,,,citrus,warm spicy,aromatic,woody,green
versace man,versace,,1748,,,,,men,4.26,,,,amber,warm spicy,tobacco,musky,fresh spicy
versace man eau fraiche,versace,,13065,,,,,men,4.15,,,,citrus,aromatic,woody,fruity,fresh spicy
versace pour femme,versace,,2901,,,,,women,3.94,,,,floral,fresh,fruity,white floral,woody
versace pour femme dylan blue,versace,,4760,,,,,women,3.74,,,,fruity,floral,green,rose,fresh
versace pour femme dylan purple,versace,,1961,,,,,women,3.99,,,,floral,fruity,citrus,amber,musky
versace pour femme dylan turquoise,versace,,2768,,,,,women,3.66,,,,citrus,woody,fruity,musky,soft spicy
versace pour homme,versace,,16436,,,,,men,4.29,,,,citrus,aromatic,fresh spicy,floral,rose
versace pour homme dylan blue,versace,,15936,,,,,men,4.15,,,,amber,citrus,fresh spicy,musky,aquatic
versace pour homme oud noir,versace,,3034,,,,,men,4.24,,,,oud,warm spicy,fresh spicy,citrus,woody
versace woman,versace,,3096,,,,,women,3.71,,,,fruity,rose,sweet,floral,musky
versense,versace,,10242,,,,,women,4.01,,,,citrus,woody,fresh spicy,aromatic,white floral
versus,versace,,1603,,,,,women,3.59,,,,citrus,musky,white floral,aromatic,sweet
vetiver d hiver vetiver babylone,giorgio armani,,1098,,,,,men,4.25,,,,citrus,aromatic,woody,earthy,
viking,creed,,3188,,,,,men,3.95,,,,aromatic,fresh spicy,green,citrus,soft spicy
viking cologne,creed,,772,,,,,men,3.91,,,,aromatic,citrus,woody,fresh spicy,lavender
violet blonde,tom ford,,3321,,,,,women,4.04,,,,iris,powdery,musky,ozonic,woody
virgin island water,creed,,6903,,,,,unisex,4.31,,,,citrus,sweet,coconut,vanilla,lactonic
when the rain stops,maison martin margiela,,1976,,,,,women,3.6,,,,aquatic,woody,green,ozonic,rose
white patchouli,tom ford,,5126,,,,,women,3.81,,,,woody,patchouli,white floral,floral,warm spicy
white suede,tom ford,,3783,,,,,women,4.15,,,,musky,powdery,leather,warm spicy,white floral
xj 1861 decas,xerjoff,,740,,,,,unisex,4.04,,,,amber,citrus,vanilla,balsamic,sweet
xj 1861 naxos,xerjoff,,9969,,,,,unisex,4.51,,,,sweet,vanilla,honey,tobacco,lavender
xj 1861 renaissance,xerjoff,,2973,,,,,unisex,4.3,,,,citrus,green,aromatic,fresh spicy,woody
xj 1861 zefiro,xerjoff,,1372,,,,,unisex,4.23,,,,warm spicy,aromatic,amber,woody,balsamic
y,yves saint laurent,,1182,,,,,women,4.17,,,,green,white floral,earthy,woody,aldehydic
y eau de parfum,yves saint laurent,,15024,,,,,men,4.38,,,,aromatic,woody,fresh spicy,warm spicy,amber
y eau de parfum intense,yves saint laurent,,1644,,,,,men,4.13,,,,aromatic,woody,fresh spicy,warm spicy,herbal
y eau de toilette,yves saint laurent,,1220,,,,,men,4.2,,,,aromatic,fresh spicy,citrus,aldehydic,amber
y eau fraiche,yves saint laurent,,1028,,,,,men,4.2,,,,aromatic,fresh spicy,citrus,warm spicy,green
y elixir,yves saint laurent,,788,,,,,men,3.45,,,,fresh spicy,aromatic,lavender,amber,herbal
y le parfum,yves saint laurent,,3635,,,,,men,4.37,,,,aromatic,fresh spicy,fresh,warm spicy,herbal
y live,yves saint laurent,,839,,,,,men,4.06,,,,aromatic,citrus,fresh spicy,white floral,warm spicy
yara,lattafa perfumes,,3433,,,,,women,4.1,,,,sweet,vanilla,powdery,tropical,musky
yara tous,lattafa perfumes,,1000,,,,,women,3.96,,,,tropical,sweet,vanilla,fruity,white floral
yellow diamond,versace,,6138,,,,,women,3.65,,,,citrus,floral,yellow floral,powdery,sweet
yellow diamond intense,versace,,1111,,,,,women,3.77,,,,citrus,white floral,floral,fruity,fresh
yves saint laurent y,yves saint laurent,,3429,,,,,men,3.87,,,,aromatic,fresh,citrus,fresh spicy,green
yvresse champagne,yves saint laurent,,2406,,,,,women,4.12,,,,fruity,powdery,sweet,warm spicy,amber